text,el,bgcolor,fgcolor,logo,w,m,lw,type1,type2,page1,page_size,is_filter,sort,page2,pagesize,time,city,subject,model,testType
滕德淋,h,ffff00,0,https://z3.ax1x.com/2021/10/10/5EHfWn.png,300,0,60,1,guonei,1,1,0,desc,1,1,1418816972,1,1,c1,rand
cug,q,ffff01,1,https://z3.ax1x.com/2021/10/10/5EHfWn.png,301,1,61,1,guoji,2,2,0,desc,2,2,1418816973,2,1,c2,rand
“===”,m,ffff02,2,https://z3.ax1x.com/2021/10/10/5EHfWn.png,302,2,62,1,yule,3,3,0,desc,3,3,1418816974,3,1,a1,rand
https://covid19.tdl.cool/,l,ffff03,3,https://z3.ax1x.com/2021/10/10/5EHfWn.png,303,3,63,1,tiyu,4,4,0,desc,4,4,1418816975,4,1,a2,rand
25f45d45,h,ffff04,4,https://z3.ax1x.com/2021/10/10/5EHfWn.png,304,4,64,1,junshi,5,5,0,desc,5,5,1418816976,5,1,b1,rand
烫烫烫烫烫烫烫,q,ffff05,5,https://z3.ax1x.com/2021/10/10/5EHfWn.png,305,5,65,1,keji,6,6,0,desc,6,6,1418816977,6,1,b2,rand
1E+061,m,ffff06,6,https://z3.ax1x.com/2021/10/10/5EHfWn.png,306,6,66,1,caijing,7,7,0,desc,7,7,1418816978,7,4,c1,rand
滕德淋,h,ffff07,7,https://z3.ax1x.com/2021/10/10/5EHfWn.png,307,7,67,1,shishang,8,8,0,desc,8,8,1418816979,8,4,c2,rand
cug,q,ffff08,8,https://z3.ax1x.com/2021/10/10/5EHfWn.png,308,8,68,1,youxi,9,9,0,desc,9,9,1418816980,9,4,a1,rand
“===”,m,ffff09,9,https://z3.ax1x.com/2021/10/10/5EHfWn.png,309,9,69,1,qiche,10,10,0,desc,10,10,1418816981,10,4,a2,rand
https://covid19.tdl.cool/,l,ffff10,10,https://z3.ax1x.com/2021/10/10/5EHfWn.png,310,10,70,1,jiankang,11,11,0,asc,11,11,1418816982,11,4,b1,rand
25f45d45,h,ffff11,11,https://z3.ax1x.com/2021/10/10/5EHfWn.png,311,11,71,1,top,12,12,0,asc,12,12,1418816983,12,4,b2,rand
烫烫烫烫烫烫烫,q,ffff12,12,https://z3.ax1x.com/2021/10/10/5EHfWn.png,312,12,72,1,guonei,13,13,1,asc,13,13,1418816984,13,1,c1,order
1E+061,m,ffff13,13,https://z3.ax1x.com/2021/10/10/5EHfWn.png,313,13,73,1,guoji,14,14,1,asc,14,14,1418816985,14,1,c2,order
滕德淋,h,ffff14,14,,314,14,,1,yule,15,15,1,asc,15,15,1418816986,15,1,a1,order
滕德淋,q,ffff15,15,,315,15,,1,tiyu,16,16,1,asc,16,16,1418816987,北京,1,a2,order
滕德淋,m,ffff16,16,,316,16,,1,junshi,17,17,1,asc,17,17,1418816988,海淀,1,b1,order
滕德淋,l,ffff17,17,,317,17,,1,keji,18,18,1,asc,18,18,1418816989,朝阳,1,b2,order
滕德淋,h,ffff18,18,,318,18,,1,caijing,19,19,1,asc,19,19,1418816990,顺义,4,c1,order
滕德淋,h,ffff19,19,,319,19,,1,shishang,20,20,1,asc,20,20,1418816991,怀柔,4,c2,order
tdl,h,ffff20,20,https://z3.ax1x.com/2021/10/10/5EHfWn.png,320,20,,2,youxi,21,21,1,desc,21,20,1,通州,4,a1,order
tdl,h,ffff21,21,https://z3.ax1x.com/2021/10/10/5EHfWn.png,321,21,,2,qiche,22,22,1,desc,22,20,11,昌平,4,a2,order
tdl,h,ffff22,22,https://z3.ax1x.com/2021/10/10/5EHfWn.png,322,22,,2,jiankang,23,23,1,desc,23,20,111,延庆,4,b1,order
tdl,h,ffff23,23,https://z3.ax1x.com/2021/10/10/5EHfWn.png,323,23,,2,top,24,24,1,desc,24,20,1111,丰台,4,b2,order
tdl,h,ffff24,24,https://z3.ax1x.com/2021/10/10/5EHfWn.png,324,24,,2,top,100,30,0,desc,25,20,11111,石景山,2,c1,order
tdl,t,ffff25,25,https://z3.ax1x.com/2021/10/10/5EHfWn.png,325,25,,2,top,101,30,0,desc,20,50,1111111111111,大兴,3,c1,order
tdl,t,ffff26,26,https://z3.ax1x.com/2021/10/10/5EHfWn.png,326,26,,2,top,102,30,0,desc,20,51,1111111111112,房山,5,c1,order
tdl,t,ffff27,27,https://z3.ax1x.com/2021/10/10/5EHfWn.png,327,27,,2,top,50,50,0,desc,20,52,1111111111113,密云,1,c3,rand
tdl,t,ffff28,28,https://z3.ax1x.com/2021/10/10/5EHfWn.png,328,28,,2,top,50,51,0,desc,20,53,1111111111114,门头沟,1,a3,rand
tdl,t,ffff29,29,https://z3.ax1x.com/2021/10/10/5EHfWn.png,329,29,,2,top,50,52,0,desc,20,54,1111111111115,武汉,1,b3,rand
